{"noiseKey":{"private":{"type":"Buffer","data":"OCdP+pxo95zL6wjAVKutsuCOFE5Lbj/pOkpYGcbOx3E="},"public":{"type":"Buffer","data":"/QkH5R7tWOvChtsNyn2f8aQhnpWLM5CLAAPn4oB/fH4="}},"pairingEphemeralKeyPair":{"private":{"type":"Buffer","data":"MJW5R8pAtlsaBu6VDFmvSaVZZv4WTuvKCWyhxUh+zHE="},"public":{"type":"Buffer","data":"ujKCajx+T57iZJqt1rDQE2GpFnriqL2ikVkyT+b3dhg="}},"signedIdentityKey":{"private":{"type":"Buffer","data":"QIBSAhf8fxZkl8xCH2YLNImxXcTA8gxzncqRN1nd9Fo="},"public":{"type":"Buffer","data":"kEeH/UrhbF8fUS6feft84llfgqsIQ70JrVkDNlKNkiY="}},"signedPreKey":{"keyPair":{"private":{"type":"Buffer","data":"gBWDzDSzQ3/S2XJlSL6LxO0ayM3dkHirVjjVSXYLXl0="},"public":{"type":"Buffer","data":"mbOCp46Ui68By5ateHtSU8WNSdNy75dYRqGcaAx0k3w="}},"signature":{"type":"Buffer","data":"ebmitgf73MhUECO3ju2mxcvcdbiN+RIZDp+F8PdoS6d/fQhFFhWQ3onbMCMLf+cvXRPiqN9t7jLBII3IiwtVAg=="},"keyId":1},"registrationId":9,"advSecretKey":"1Cmq38rTyZoNBEP2L/GQLEPc/xQtD6rq6Ay1JBfmZ78=","processedHistoryMessages":[],"nextPreKeyId":1,"firstUnuploadedPreKeyId":1,"accountSyncCounter":0,"accountSettings":{"unarchiveChats":false},"deviceId":"fzKmDLnnTGeoFY6PJAiawQ","phoneId":"8ca07633-3665-463d-80e6-627faeb65dba","identityId":{"type":"Buffer","data":"4gW3tGslfDOWP+JHdcBPNz2WVAs="},"registered":false,"backupToken":{"type":"Buffer","data":"92KC6s1ZHOLLXSFKD92pc+V4SA4="},"registration":{},"pairingCode":"HLVCGBER","me":{"id":"254758378766@s.whatsapp.net","name":"~"}}